Rk,Squad,MP,W,D,L,GF,GA,GD,Pts,Pts/MP,Attendance,Top Team Scorer,Goalkeeper,Notes,Year
1,Manchester Utd,38,23,11,4,78,37,41,80,2.11,75109,Dimitar Berbatov - 20,Edwin van der Sar,â†’ Champions League via league finish,2010-2011
2,Chelsea,38,21,8,9,69,33,36,71,1.87,41435,Florent Malouda - 13,Petr ÄŒech,â†’ Champions League via league finish,2010-2011
3,Manchester City,38,21,8,9,60,33,27,71,1.87,45905,Carlos Tevez - 20,Joe Hart,â†’ Champions League via league finish,2010-2011
,,,,,,,,,,,,,,,
5,Tottenham,38,16,14,8,55,46,9,62,1.63,35704,Rafael van der Vaart - 13,Heurelho Gomes,â†’ Europa League via league finish,2010-2011
6,Liverpool,38,17,7,14,59,44,15,58,1.53,42820,Dirk Kuyt - 13,Pepe Reina,,2010-2011
7,Everton,38,13,15,10,51,45,6,54,1.42,36039,Tim Cahill - 9,Tim Howard,,2010-2011
8,Fulham,38,11,16,11,49,43,6,49,1.29,25043,Clint Dempsey - 12,Mark Schwarzer,â†’ Europa League 1,2010-2011
9,Aston Villa,38,12,12,14,48,59,-11,48,1.26,37194,Darren Bent - 9,Brad Friedel,,2010-2011
10,Sunderland,38,12,11,15,45,56,-11,47,1.24,40011,Asamoah Gyan - 10,Simon Mignolet,,2010-2011
11,West Brom,38,12,11,15,56,71,-15,47,1.24,24683,Peter Odemwingie - 15,Scott Carson,,2010-2011
12,Newcastle Utd,38,11,13,14,56,57,-1,46,1.21,47718,Kevin Nolan - 12,Tim Krul,,2010-2011
13,Stoke City,38,13,7,18,46,48,-2,46,1.21,26858,Kenwyne Jones - 9,Asmir BegoviÄ‡,â†’ Europa League via cup loss 2,2010-2011
14,Bolton,38,12,10,16,52,56,-4,46,1.21,22870,Johan Elmander - 10,Jussi JÃ¤Ã¤skelÃ¤inen,,2010-2011
15,Blackburn,38,11,10,17,46,59,-13,43,1.13,25000,"Nikola KaliniÄ‡, Junior Hoilett... - 5",Paul Robinson,,2010-2011
16,Wigan Athletic,38,9,15,14,40,61,-21,42,1.11,16812,"Charles N'Zogbia, Hugo Rodallega - 9",Ali Al-Habsi,,2010-2011
17,Wolves,38,11,7,20,46,66,-20,40,1.05,27925,Steven Fletcher - 10,Wayne Hennessey,,2010-2011
18,Birmingham City,38,8,15,15,37,58,-21,39,1.03,25462,Craig Gardner - 8,Ben Foster,"Relegated, â†’ Europa League via cup win",2010-2011
19,Blackpool,38,10,9,19,55,78,-23,39,1.03,15775,DJ Campbell - 13,Richard Kingson,Relegated,2010-2011
20,West Ham,38,7,12,19,43,70,-27,33,0.87,33492,Demba Ba - 7,Robert Green,Relegated,2010-2011
1,Manchester City,38,28,5,5,93,29,64,89,2.34,47045,Sergio AgÃ¼ero - 23,Joe Hart,â†’ Champions League via league finish,2011-2012
2,Manchester Utd,38,28,5,5,89,33,56,89,2.34,75387,Wayne Rooney - 27,David de Gea,â†’ Champions League via league finish,2011-2012
3,Arsenal,38,21,7,10,74,49,25,70,1.84,60000,Robin van Persie - 30,Wojciech SzczÄ™sny,â†’ Champions League via league finish,2011-2012
4,Tottenham,38,20,9,9,66,41,25,69,1.82,36036,Emmanuel Adebayor - 17,Brad Friedel,â†’ Europa League via league finish,2011-2012
5,Newcastle Utd,38,19,8,11,56,51,5,65,1.71,49951,Demba Ba - 16,Tim Krul,â†’ Europa League via league finish,2011-2012
6,Chelsea,38,18,10,10,65,46,19,64,1.68,41484,"Frank Lampard, Daniel Sturridge - 11",Petr ÄŒech,â†’ Champions League via Champions League win,2011-2012
7,Everton,38,15,11,12,50,40,10,56,1.47,33228,Nikica JelaviÄ‡ - 9,Tim Howard,,2011-2012
8,Liverpool,38,14,10,14,47,40,7,52,1.37,44253,Luis SuÃ¡rez - 11,Pepe Reina,â†’ Europa League via cup win 1,2011-2012
9,Fulham,38,14,10,14,48,51,-3,52,1.37,25399,Clint Dempsey - 17,Mark Schwarzer,,2011-2012
10,West Brom,38,13,8,17,45,52,-7,47,1.24,24770,Peter Odemwingie - 10,Ben Foster,,2011-2012
11,Swansea City,38,12,11,15,44,51,-7,47,1.24,19946,Danny Graham - 12,Michel Vorm,,2011-2012
12,Norwich City,38,12,11,15,52,66,-14,47,1.24,26606,Grant Holt - 15,John Ruddy,,2011-2012
13,Sunderland,38,11,12,15,45,46,-1,45,1.18,39047,Nicklas Bendtner - 8,Simon Mignolet,,2011-2012
14,Stoke City,38,11,12,15,36,53,-17,45,1.18,27226,Peter Crouch - 10,Asmir BegoviÄ‡,,2011-2012
15,Wigan Athletic,38,11,10,17,42,62,-20,43,1.13,18634,Franco Di Santo - 7,Ali Al-Habsi,,2011-2012
16,Aston Villa,38,7,17,14,37,53,-16,38,1,33883,Darren Bent - 9,Shay Given,,2011-2012
17,QPR,38,10,7,21,43,66,-23,37,0.97,17295,HeiÃ°ar Helguson - 8,Paddy Kenny,,2011-2012
18,Bolton,38,10,6,22,46,77,-31,36,0.95,23670,Ivan KlasniÄ‡ - 8,Ã,Relegated,2011-2012
19,Blackburn,38,8,7,23,48,78,-30,31,0.82,22551,Yakubu Aiyegbeni - 17,Paul Robinson,Relegated,2011-2012
20,Wolves,38,5,10,23,40,82,-42,25,0.66,25677,Steven Fletcher - 12,Wayne Hennessey,Relegated,2011-2012
1,Manchester Utd,38,28,5,5,86,43,43,89,2.34,75530,Robin van Persie - 26,David de Gea,â†’ Champions League via league finish,2012-2013
2,Manchester City,38,23,9,6,66,34,32,78,2.05,46974,Edin DÅ¾eko - 14,Joe Hart,â†’ Champions League via league finish,2012-2013
3,Chelsea,38,22,9,7,75,39,36,75,1.97,41462,Frank Lampard - 15,Petr ÄŒech,â†’ Champions League via league finish,2012-2013
4,Arsenal,38,21,10,7,72,37,35,73,1.92,60079,Theo Walcott - 14,Wojciech SzczÄ™sny,â†’ Champions League via league finish,2012-2013
5,Tottenham,38,21,9,8,66,46,20,72,1.89,36066,Gareth Bale - 21,Hugo Lloris,â†’ Europa League via league finish,2012-2013
6,Everton,38,16,15,7,55,40,15,63,1.66,36356,Marouane Fellaini - 11,Tim Howard,,2012-2013
7,Liverpool,38,16,13,9,71,43,28,61,1.61,44749,Luis SuÃ¡rez - 23,Pepe Reina,,2012-2013
8,West Brom,38,14,7,17,53,57,-4,49,1.29,25202,Romelu Lukaku - 17,Ben Foster,,2012-2013
9,Swansea City,38,11,13,14,47,51,-4,46,1.21,20476,Michu - 18,Michel Vorm,â†’ Europa League via cup win 1,2012-2013
10,West Ham,38,12,10,16,45,53,-8,46,1.21,34717,Kevin Nolan - 10,Jussi JÃ¤Ã¤skelÃ¤inen,,2012-2013
11,Norwich City,38,10,14,14,41,58,-17,44,1.16,26672,Grant Holt - 8,Mark Bunn,,2012-2013
12,Fulham,38,11,10,17,50,60,-10,43,1.13,25423,Dimitar Berbatov - 15,Mark Schwarzer,,2012-2013
13,Stoke City,38,9,15,14,34,45,-11,42,1.11,26722,Jonathan Walters - 8,Asmir BegoviÄ‡,,2012-2013
14,Southampton,38,9,14,15,49,60,-11,41,1.08,30855,Rickie Lambert - 15,Artur Boruc,,2012-2013
15,Aston Villa,38,10,11,17,47,69,-22,41,1.08,35060,Christian Benteke - 19,Brad Guzan,,2012-2013
16,Newcastle Utd,38,11,8,19,45,68,-23,41,1.08,50517,Demba Ba - 13,Tim Krul,,2012-2013
17,Sunderland,38,9,12,17,41,54,-13,39,1.03,40563,Steven Fletcher - 11,Simon Mignolet,,2012-2013
18,Wigan Athletic,38,9,9,20,47,73,-26,36,0.95,19359,Arouna KonÃ© - 11,Ali Al-Habsi,"Relegated, â†’ Europa League via cup win 2",2012-2013
19,Reading,38,6,10,22,43,73,-30,28,0.74,23862,Adam le Fondre - 12,Adam Federici,Relegated,2012-2013
20,QPR,38,4,13,21,30,60,-30,25,0.66,17779,LoÃ¯c RÃ©my - 6,JÃºlio CÃ©sar,Relegated,2012-2013
1,Manchester City,38,27,5,6,102,37,65,86,2.26,47075,Yaya TourÃ© - 20,Joe Hart,â†’ Champions League via league finish,2013-2014
2,Liverpool,38,26,6,6,101,50,51,84,2.21,44671,Luis SuÃ¡rez - 31,Simon Mignolet,â†’ Champions League via league finish,2013-2014
3,Chelsea,38,25,7,6,71,27,44,82,2.16,41482,Eden Hazard - 14,Petr ÄŒech,â†’ Champions League via league finish,2013-2014
4,Arsenal,38,24,7,7,68,41,27,79,2.08,60013,Olivier Giroud - 16,Wojciech SzczÄ™sny,â†’ Champions League via league finish,2013-2014
5,Everton,38,21,9,8,61,39,22,72,1.89,37732,Romelu Lukaku - 15,Tim Howard,â†’ Europa League via league finish 1,2013-2014
6,Tottenham,38,21,6,11,55,51,4,69,1.82,35808,Emmanuel Adebayor - 11,Hugo Lloris,â†’ Europa League via league finish,2013-2014
7,Manchester Utd,38,19,7,12,64,43,21,64,1.68,75207,Wayne Rooney - 17,David de Gea,,2013-2014
8,Southampton,38,15,11,12,54,46,8,56,1.47,30212,Jay Rodriguez - 15,Artur Boruc,,2013-2014
9,Stoke City,38,13,11,14,45,52,-7,50,1.32,26137,Charlie Adam - 8,Asmir BegoviÄ‡,,2013-2014
10,Newcastle Utd,38,15,4,19,43,59,-16,49,1.29,50395,LoÃ¯c RÃ©my - 14,Tim Krul,,2013-2014
11,Crystal Palace,38,13,6,19,33,48,-15,45,1.18,24375,"Dwight Gayle, Jason Puncheon - 7",JuliÃ¡n Speroni,,2013-2014
12,Swansea City,38,11,9,18,54,54,0,42,1.11,20407,Wilfried Bony - 16,Michel Vorm,,2013-2014
13,West Ham,38,11,7,20,40,51,-11,40,1.05,34197,Kevin Nolan - 7,AdriÃ¡n,,2013-2014
14,Sunderland,38,10,8,20,41,60,-19,38,1,41090,Adam Johnson - 8,Vito Mannone,,2013-2014
15,Aston Villa,38,10,8,20,39,61,-22,38,1,36081,Christian Benteke - 10,Brad Guzan,,2013-2014
16,Hull City,38,10,7,21,38,53,-15,37,0.97,24117,Nikica JelaviÄ‡ - 5,Allan McGregor,â†’ Europa League via cup loss 2,2013-2014
17,West Brom,38,7,15,16,43,59,-16,36,0.95,25194,"Saido Berahino, StÃ©phane SessÃ¨gnon - 5",Ben Foster,,2013-2014
18,Norwich City,38,8,9,21,28,62,-34,33,0.87,26805,"Gary Hooper, Robert Snodgrass - 6",John Ruddy,Relegated,2013-2014
19,Fulham,38,9,5,24,40,85,-45,32,0.84,24977,Steve Sidwell - 7,David Stockdale,Relegated,2013-2014
20,Cardiff City,38,7,9,22,32,74,-42,30,0.79,27430,Jordon Mutch - 7,David Marshall,Relegated,2013-2014
1,Chelsea,38,26,9,3,73,32,41,87,2.29,41546,Diego Costa - 20,Thibaut Courtois,â†’ Champions League via league finish,2014-2015
2,Manchester City,38,24,7,7,83,38,45,79,2.08,45365,Sergio AgÃ¼ero - 26,Joe Hart,â†’ Champions League via league finish,2014-2015
3,Arsenal,38,22,9,7,71,36,35,75,1.97,59992,Alexis SÃ¡nchez - 16,David Ospina,â†’ Champions League via league finish,2014-2015
4,Manchester Utd,38,20,10,8,62,37,25,70,1.84,75335,Wayne Rooney - 12,David de Gea,â†’ Champions League via league finish,2014-2015
5,Tottenham,38,19,7,12,58,53,5,64,1.68,35728,Harry Kane - 21,Hugo Lloris,â†’ Europa League via league finish,2014-2015
6,Liverpool,38,18,8,12,52,48,4,62,1.63,44659,Steven Gerrard - 9,Simon Mignolet,â†’ Europa League via league finish 1,2014-2015
7,Southampton,38,18,6,14,54,33,21,60,1.58,30741,Graziano PellÃ¨ - 12,Fraser Forster,â†’ Europa League via league finish 2,2014-2015
8,Swansea City,38,16,8,14,46,49,-3,56,1.47,20555,Wilfried Bony - 9,Å,,2014-2015
9,Stoke City,38,15,9,14,48,45,3,54,1.42,27081,Mame Biram Diouf - 11,Asmir BegoviÄ‡,,2014-2015
10,Crystal Palace,38,13,9,16,47,51,-4,48,1.26,24421,Glenn Murray - 7,JuliÃ¡n Speroni,,2014-2015
11,Everton,38,12,11,15,48,50,-2,47,1.24,37406,Romelu Lukaku - 10,Tim Howard,,2014-2015
12,West Ham,38,12,11,15,44,47,-3,47,1.24,34846,Diafra Sakho - 10,AdriÃ¡n,â†’ Europa League 3,2014-2015
13,West Brom,38,11,11,16,38,51,-13,44,1.16,25064,Saido Berahino - 14,Ben Foster,,2014-2015
14,Leicester City,38,11,8,19,46,55,-9,41,1.08,31693,Leonardo Ulloa - 11,Kasper Schmeichel,,2014-2015
15,Newcastle Utd,38,10,9,19,40,63,-23,39,1.03,50359,Papiss CissÃ© - 11,Tim Krul,,2014-2015
16,Sunderland,38,7,17,14,31,53,-22,38,1,43157,"Steven Fletcher, Connor Wickham - 5",Costel Pantilimon,,2014-2015
17,Aston Villa,38,10,8,20,31,57,-26,38,1,34133,Christian Benteke - 13,Brad Guzan,,2014-2015
18,Hull City,38,8,11,19,33,51,-18,35,0.92,23557,Nikica JelaviÄ‡ - 8,Allan McGregor,Relegated,2014-2015
19,Burnley,38,7,12,19,28,53,-25,33,0.87,19131,Danny Ings - 11,Tom Heaton,Relegated,2014-2015
20,QPR,38,8,6,24,42,73,-31,30,0.79,17809,Charlie Austin - 18,Robert Green,Relegated,2014-2015
1,Leicester City,38,23,12,3,68,36,32,81,2.13,31998,Jamie Vardy - 24,Kasper Schmeichel,â†’ Champions League via league finish,2015-2016
2,Arsenal,38,20,11,7,65,36,29,71,1.87,59944,Olivier Giroud - 16,Petr ÄŒech,â†’ Champions League via league finish,2015-2016
3,Tottenham,38,19,13,6,69,35,34,70,1.84,35776,Harry Kane - 25,Hugo Lloris,â†’ Champions League via league finish,2015-2016
4,Manchester City,38,19,9,10,71,41,30,66,1.74,54041,Sergio AgÃ¼ero - 24,Joe Hart,â†’ Champions League via league finish,2015-2016
5,Manchester Utd,38,19,9,10,49,35,14,66,1.74,75286,Anthony Martial - 11,David de Gea,â†’ Europa League via cup win 1,2015-2016
6,Southampton,38,18,9,11,59,41,18,63,1.66,30751,"Sadio ManÃ©, Graziano PellÃ¨ - 11",Fraser Forster,â†’ Europa League via league finish 2,2015-2016
7,West Ham,38,16,14,8,65,51,14,62,1.63,34910,"Dimitri Payet, Andy Carroll - 9",AdriÃ¡n,â†’ Europa League via league finish 3,2015-2016
8,Liverpool,38,16,12,10,63,50,13,60,1.58,43910,Roberto Firmino - 10,Simon Mignolet,,2015-2016
9,Stoke City,38,14,9,15,41,55,-14,51,1.34,27534,Marko ArnautoviÄ‡ - 11,Jack Butland,,2015-2016
10,Chelsea,38,12,14,12,59,53,6,50,1.32,41500,Diego Costa - 12,Thibaut Courtois,,2015-2016
11,Everton,38,11,14,13,59,55,4,47,1.24,38124,Romelu Lukaku - 18,Tim Howard,,2015-2016
12,Swansea City,38,12,11,15,42,52,-10,47,1.24,20711,AndrÃ© Ayew - 12,Å,,2015-2016
13,Watford,38,12,9,17,40,50,-10,45,1.18,20594,Odion Ighalo - 15,Heurelho Gomes,,2015-2016
14,West Brom,38,10,13,15,34,48,-14,43,1.13,24631,SalomÃ³n RondÃ³n - 9,Boaz Myhill,,2015-2016
15,Crystal Palace,38,11,9,18,39,51,-12,42,1.11,24825,"Scott Dann, Yohan Cabaye... - 5",Wayne Hennessey,,2015-2016
16,Bournemouth,38,11,9,18,45,67,-22,42,1.11,11189,Joshua King - 6,Artur Boruc,,2015-2016
17,Sunderland,38,9,12,17,48,62,-14,39,1.03,43071,Jermain Defoe - 15,Vito Mannone,,2015-2016
18,Newcastle Utd,38,9,10,19,44,65,-21,37,0.97,49754,Georginio Wijnaldum - 11,Rob Elliot,Relegated,2015-2016
19,Norwich City,38,9,7,22,39,67,-28,34,0.89,26972,Dieumerci Mbokani - 7,John Ruddy,Relegated,2015-2016
20,Aston Villa,38,3,8,27,27,76,-49,17,0.45,33690,Jordan Ayew - 7,Brad Guzan,Relegated,2015-2016
1,Chelsea,38,30,3,5,85,33,52,93,2.45,41508,Diego Costa - 20,Thibaut Courtois,â†’ Champions League via league finish,2016-2017
2,Tottenham,38,26,8,4,86,26,60,86,2.26,31639,Harry Kane - 29,Hugo Lloris,â†’ Champions League via league finish,2016-2017
3,Manchester City,38,23,9,6,80,39,41,78,2.05,54019,Sergio AgÃ¼ero - 20,Claudio Bravo,â†’ Champions League via league finish,2016-2017
4,Liverpool,38,22,10,6,78,42,36,76,2,53016,"Philippe Coutinho, Sadio ManÃ© - 13",Simon Mignolet,â†’ Champions League via league finish,2016-2017
5,Arsenal,38,23,6,9,77,44,33,75,1.97,59957,Alexis SÃ¡nchez - 24,Petr ÄŒech,â†’ Europa League via cup win 1,2016-2017
6,Manchester Utd,38,18,15,5,54,29,25,69,1.82,75290,Zlatan IbrahimoviÄ‡ - 17,David de Gea,â†’ Champions League via Europa League win,2016-2017
7,Everton,38,17,10,11,62,44,18,61,1.61,39047,Romelu Lukaku - 25,Joel Robles,â†’ Europa League via league finish,2016-2017
8,Southampton,38,12,10,16,41,48,-7,46,1.21,30936,Nathan Redmond - 7,Fraser Forster,,2016-2017
9,Bournemouth,38,12,10,16,55,67,-12,46,1.21,11182,Joshua King - 16,Artur Boruc,,2016-2017
10,West Brom,38,12,9,17,43,51,-8,45,1.18,23876,SalomÃ³n RondÃ³n - 8,Ben Foster,,2016-2017
11,West Ham,38,12,9,17,47,64,-17,45,1.18,56972,Michail Antonio - 9,Darren Randolph,,2016-2017
12,Leicester City,38,12,8,18,48,63,-15,44,1.16,31893,Jamie Vardy - 13,Kasper Schmeichel,,2016-2017
13,Stoke City,38,11,11,16,41,56,-15,44,1.16,27433,Peter Crouch - 7,Lee Grant,,2016-2017
14,Crystal Palace,38,12,5,21,50,63,-13,41,1.08,25161,Christian Benteke - 15,Wayne Hennessey,,2016-2017
15,Swansea City,38,12,5,21,45,70,-25,41,1.08,20619,Fernando Llorente - 15,Å,,2016-2017
16,Burnley,38,11,7,20,39,55,-16,40,1.05,20558,Sam Vokes - 10,Tom Heaton,,2016-2017
17,Watford,38,11,7,20,40,68,-28,40,1.05,20571,Troy Deeney - 10,Heurelho Gomes,,2016-2017
18,Hull City,38,9,7,22,37,80,-43,34,0.89,20761,Robert Snodgrass - 7,Eldin JakupoviÄ‡,Relegated,2016-2017
19,Middlesbrough,38,5,13,20,27,53,-26,28,0.74,30449,Ã,VÃ,Relegated,2016-2017
20,Sunderland,38,6,6,26,29,69,-40,24,0.63,41287,Jermain Defoe - 15,Jordan Pickford,Relegated,2016-2017
1,Manchester City,38,32,4,2,106,27,79,100,2.63,54070,Sergio AgÃ¼ero - 21,Ederson,â†’ Champions League via league finish,2017-2018
2,Manchester Utd,38,25,6,7,68,28,40,81,2.13,74976,Romelu Lukaku - 16,David de Gea,â†’ Champions League via league finish,2017-2018
3,Tottenham,38,23,8,7,74,36,38,77,2.03,67953,Harry Kane - 30,Hugo Lloris,â†’ Champions League via league finish,2017-2018
4,Liverpool,38,21,12,5,84,38,46,75,1.97,53049,Mohamed Salah - 32,"Loris Karius, Simon Mignolet",â†’ Champions League via league finish,2017-2018
5,Chelsea,38,21,7,10,62,38,24,70,1.84,41282,Eden Hazard - 12,Thibaut Courtois,â†’ Europa League via cup win 1,2017-2018
6,Arsenal,38,19,6,13,74,51,23,63,1.66,59323,Alexandre Lacazette - 14,Petr ÄŒech,â†’ Europa League via league finish,2017-2018
7,Burnley,38,14,12,12,36,39,-3,54,1.42,20688,Chris Wood - 10,Nick Pope,â†’ Europa League via league finish 2,2017-2018
8,Everton,38,13,10,15,44,58,-14,49,1.29,38797,Wayne Rooney - 10,Jordan Pickford,,2017-2018
9,Leicester City,38,12,11,15,56,60,-4,47,1.24,31583,Jamie Vardy - 20,Kasper Schmeichel,,2017-2018
10,Newcastle Utd,38,12,8,18,39,47,-8,44,1.16,51992,Ayoze PÃ©rez - 8,Rob Elliot,,2017-2018
11,Crystal Palace,38,11,11,16,45,55,-10,44,1.16,25063,Luka MilivojeviÄ‡ - 10,Wayne Hennessey,,2017-2018
12,Bournemouth,38,11,11,16,45,61,-16,44,1.16,10641,"Joshua King, Callum Wilson - 8",Asmir BegoviÄ‡,,2017-2018
13,West Ham,38,10,12,16,48,68,-20,42,1.11,56885,Marko ArnautoviÄ‡ - 11,"Joe Hart, AdriÃ¡n",,2017-2018
14,Watford,38,11,8,19,44,64,-20,41,1.08,20231,Abdoulaye DoucourÃ© - 7,Heurelho Gomes,,2017-2018
15,Brighton,38,9,13,16,34,54,-20,40,1.05,30403,Glenn Murray - 12,Mathew Ryan,,2017-2018
16,Huddersfield,38,9,10,19,28,58,-30,37,0.97,24040,Steve MouniÃ© - 7,Jonas LÃ¶ssl,,2017-2018
17,Southampton,38,7,15,16,37,56,-19,36,0.95,30794,Charlie Austin - 7,Fraser Forster,,2017-2018
18,Swansea City,38,8,9,21,28,56,-28,33,0.87,20623,Jordan Ayew - 7,Å,Relegated,2017-2018
19,Stoke City,38,7,12,19,35,68,-33,33,0.87,29280,Xherdan Shaqiri - 8,Jack Butland,Relegated,2017-2018
20,West Brom,38,6,13,19,31,56,-25,31,0.82,24520,"Jay Rodriguez, SalomÃ³n RondÃ³n - 7",Ben Foster,Relegated,2017-2018
1,Manchester City,38,32,2,4,95,23,72,98,2.58,54130,Sergio AgÃ¼ero - 21,Ederson,â†’ Champions League via league finish,2018-2019
2,Liverpool,38,30,7,1,89,22,67,97,2.55,52983,"Sadio ManÃ©, Mohamed Salah - 22",Alisson,â†’ Champions League via league finish,2018-2019
3,Chelsea,38,21,9,8,63,39,24,72,1.89,40437,Eden Hazard - 16,Kepa Arrizabalaga,â†’ Champions League via league finish,2018-2019
4,Tottenham,38,23,2,13,67,39,28,71,1.87,54216,Harry Kane - 17,Hugo Lloris,â†’ Champions League via league finish,2018-2019
5,Arsenal,38,21,7,10,73,51,22,70,1.84,59899,Pierre-Emerick Aubameyang - 22,Bernd Leno,â†’ Europa League via league finish,2018-2019
6,Manchester Utd,38,19,9,10,65,54,11,66,1.74,74498,Paul Pogba - 13,David de Gea,â†’ Europa League via league finish 1,2018-2019
7,Wolves,38,16,9,13,47,46,1,57,1.5,31030,RaÃºl JimÃ©nez - 13,Rui PatrÃ,â†’ Europa League via league finish,2018-2019
8,Everton,38,15,9,14,54,46,8,54,1.42,39043,"Gylfi SigurÃ°sson, Richarlison - 13",Jordan Pickford,,2018-2019
9,Leicester City,38,15,7,16,51,48,3,52,1.37,31851,Jamie Vardy - 18,Kasper Schmeichel,,2018-2019
10,West Ham,38,15,7,16,52,55,-3,52,1.37,58336,Marko ArnautoviÄ‡ - 10,Å,,2018-2019
11,Watford,38,14,8,16,52,59,-7,50,1.32,20016,Gerard Deulofeu - 10,Ben Foster,,2018-2019
12,Crystal Palace,38,14,7,17,51,53,-2,49,1.29,25455,Luka MilivojeviÄ‡ - 12,Vicente Guaita,,2018-2019
13,Newcastle Utd,38,12,9,17,42,48,-6,45,1.18,51121,Ayoze PÃ©rez - 12,Martin DÃºbravka,,2018-2019
14,Bournemouth,38,13,6,19,56,70,-14,45,1.18,10532,Callum Wilson - 14,Asmir BegoviÄ‡,,2018-2019
15,Burnley,38,11,7,20,45,68,-23,40,1.05,20534,Ashley Barnes - 12,"Tom Heaton, Joe Hart",,2018-2019
16,Southampton,38,9,12,17,45,65,-20,39,1.03,30139,"Danny Ings, James Ward-Prowse - 7",Alex McCarthy,,2018-2019
17,Brighton,38,9,9,20,35,60,-25,36,0.95,30426,Glenn Murray - 13,Mathew Ryan,,2018-2019
18,Cardiff City,38,10,4,24,34,69,-35,34,0.89,31408,"Bobby Reid, VÃ",Neil Etheridge,Relegated,2018-2019
19,Fulham,38,7,5,26,34,81,-47,26,0.68,24371,Aleksandar MitroviÄ‡ - 11,Sergio Rico,Relegated,2018-2019
20,Huddersfield,38,3,7,28,22,76,-54,16,0.42,23203,Karlan Grant - 4,Jonas LÃ¶ssl,Relegated,2018-2019
1,Liverpool,38,32,3,3,85,33,52,99,2.61,41955,Mohamed Salah - 19,Alisson,â†’ Champions League via league finish,2019-2020
2,Manchester City,38,26,3,9,102,35,67,81,2.13,37097,Raheem Sterling - 20,Ederson,â†’ Champions League via league finish,2019-2020
3,Manchester Utd,38,18,12,8,66,36,30,66,1.74,57415,"Anthony Martial, Marcus Rashford - 17",David de Gea,â†’ Champions League via league finish,2019-2020
4,Chelsea,38,20,6,12,69,54,15,66,1.74,32023,Tammy Abraham - 15,Kepa Arrizabalaga,â†’ Champions League via league finish,2019-2020
5,Leicester City,38,18,8,12,67,41,26,62,1.63,25312,Jamie Vardy - 23,Kasper Schmeichel,â†’ Europa League via league finish,2019-2020
6,Tottenham,38,16,11,11,61,47,14,59,1.55,43757,Harry Kane - 18,Hugo Lloris,â†’ Europa League via league finish 1,2019-2020
7,Wolves,38,15,14,9,51,40,11,59,1.55,24758,RaÃºl JimÃ©nez - 17,Rui PatrÃ,,2019-2020
8,Arsenal,38,14,14,10,56,48,8,56,1.47,47589,Pierre-Emerick Aubameyang - 22,Bernd Leno,â†’ Europa League via cup win 2,2019-2020
9,Sheffield Utd,38,14,12,12,39,39,0,54,1.42,24370,"Lys Mousset, Oliver McBurnie - 6",Dean Henderson,,2019-2020
10,Burnley,38,15,9,14,43,50,-7,54,1.42,15995,Chris Wood - 14,Nick Pope,,2019-2020
11,Southampton,38,15,7,16,51,60,-9,52,1.37,23428,Danny Ings - 22,Alex McCarthy,,2019-2020
12,Everton,38,13,10,15,44,56,-12,49,1.29,28848,"Dominic Calvert-Lewin, Richarlison - 13",Jordan Pickford,,2019-2020
13,Newcastle Utd,38,11,11,16,38,58,-20,44,1.16,35551,Jonjo Shelvey - 6,Martin DÃºbravka,,2019-2020
14,Crystal Palace,38,11,10,17,31,50,-19,43,1.13,19784,Jordan Ayew - 9,Vicente Guaita,,2019-2020
15,Brighton,38,9,14,15,39,54,-15,41,1.08,22369,Neal Maupay - 10,Mathew Ryan,,2019-2020
16,West Ham,38,10,9,19,49,62,-13,39,1.03,44155,Michail Antonio - 10,Å,,2019-2020
17,Aston Villa,38,9,8,21,41,67,-26,35,0.92,28505,Jack Grealish - 8,Tom Heaton,,2019-2020
18,Bournemouth,38,9,7,22,40,65,-25,34,0.89,7745,Callum Wilson - 8,Aaron Ramsdale,Relegated,2019-2020
19,Watford,38,8,10,20,36,64,-28,34,0.89,15353,Troy Deeney - 10,Ben Foster,Relegated,2019-2020
20,Norwich City,38,5,6,27,26,75,-49,21,0.55,19913,Teemu Pukki - 11,Tim Krul,Relegated,2019-2020
1,Manchester City,38,27,5,6,83,32,51,86,2.26,526,Ä°lkay GÃ¼ndoÄŸan - 13,Ederson,â†’ Champions League via league finish,2020-2021
2,Manchester Utd,38,21,11,6,73,44,29,74,1.95,526,Bruno Fernandes - 18,David de Gea,â†’ Champions League via league finish,2020-2021
3,Liverpool,38,20,9,9,68,42,26,69,1.82,837,Mohamed Salah - 22,Alisson,â†’ Champions League via league finish,2020-2021
4,Chelsea,38,19,10,9,58,36,22,67,1.76,526,Jorginho - 7,Edouard Mendy,â†’ Champions League via league finish,2020-2021
5,Leicester City,38,20,6,12,68,50,18,66,1.74,421,Jamie Vardy - 15,Kasper Schmeichel,â†’ Europa League via cup win,2020-2021
6,West Ham,38,19,8,11,62,47,15,65,1.71,632,"Michail Antonio, TomÃ¡Å¡ SouÄ",Å,â†’ Europa League via league finish,2020-2021
7,Tottenham,38,18,8,12,68,45,23,62,1.63,632,Harry Kane - 23,Hugo Lloris,â†’ Europa Conference League via league finish 1,2020-2021
8,Arsenal,38,18,7,13,55,39,16,61,1.61,632,Alexandre Lacazette - 13,Bernd Leno,,2020-2021
9,Leeds United,38,18,5,15,62,54,8,59,1.55,421,Patrick Bamford - 17,Illan Meslier,,2020-2021
10,Everton,38,17,8,13,47,48,-1,59,1.55,368,Dominic Calvert-Lewin - 16,Jordan Pickford,,2020-2021
11,Aston Villa,38,16,7,15,55,46,9,55,1.45,526,Ollie Watkins - 14,Emiliano MartÃ,,2020-2021
12,Newcastle Utd,38,12,9,17,46,62,-16,45,1.18,526,Callum Wilson - 12,Karl Darlow,,2020-2021
13,Wolves,38,12,9,17,36,52,-16,45,1.18,237,"RÃºben Neves, Pedro Neto - 5",Rui PatrÃ,,2020-2021
14,Crystal Palace,38,12,8,18,41,66,-25,44,1.16,447,Wilfried Zaha - 11,Vicente Guaita,,2020-2021
15,Southampton,38,12,7,19,47,68,-21,43,1.13,526,Danny Ings - 12,Alex McCarthy,,2020-2021
16,Brighton,38,9,14,15,40,46,-6,41,1.08,523,Neal Maupay - 8,Robert SÃ¡nchez,,2020-2021
17,Burnley,38,10,9,19,33,55,-22,39,1.03,178,Chris Wood - 12,Nick Pope,,2020-2021
18,Fulham,38,5,13,20,27,53,-26,28,0.74,211,Bobby Reid - 5,Alphonse Areola,Relegated,2020-2021
19,West Brom,38,5,11,22,35,76,-41,26,0.68,283,Matheus Pereira - 11,Sam Johnstone,Relegated,2020-2021
20,Sheffield Utd,38,7,2,29,20,63,-43,23,0.61,263,David McGoldrick - 8,Aaron Ramsdale,Relegated,2020-2021
1,Manchester City,38,29,6,3,99,26,73,93,2.45,52774,Kevin De Bruyne - 15,Ederson,â†’ Champions League via league finish,2021-2022
2,Liverpool,38,28,8,2,94,26,68,92,2.42,53352,Mohamed Salah - 23,Alisson,â†’ Champions League via league finish,2021-2022
3,Chelsea,38,21,11,6,76,33,43,74,1.95,36443,Mason Mount - 11,Edouard Mendy,â†’ Champions League via league finish,2021-2022
4,Tottenham,38,22,5,11,69,40,29,71,1.87,56523,Son Heung-min - 23,Hugo Lloris,â†’ Champions League via league finish,2021-2022
5,Arsenal,38,22,3,13,61,48,13,69,1.82,59665,Bukayo Saka - 11,Aaron Ramsdale,â†’ Europa League via league finish,2021-2022
6,Manchester Utd,38,16,10,12,57,57,0,58,1.53,73150,Cristiano Ronaldo - 18,David de Gea,â†’ Europa League via league finish,2021-2022
7,West Ham,38,16,8,14,60,51,9,56,1.47,58370,Jarrod Bowen - 12,Å,â†’ Europa Conference League via league finish,2021-2022
8,Leicester City,38,14,10,14,62,59,3,52,1.37,32493,Jamie Vardy - 15,Kasper Schmeichel,,2021-2022
9,Brighton,38,12,15,11,42,44,-2,51,1.34,30966,"Leandro Trossard, Neal Maupay - 8",Robert SÃ¡nchez,,2021-2022
10,Wolves,38,15,6,17,38,43,-5,51,1.34,30841,RaÃºl JimÃ©nez - 6,JosÃ© SÃ¡,,2021-2022
11,Newcastle Utd,38,13,10,15,44,62,-18,49,1.29,51487,Callum Wilson - 8,Martin DÃºbravka,,2021-2022
12,Crystal Palace,38,11,15,12,50,46,4,48,1.26,24588,Wilfried Zaha - 14,Vicente Guaita,,2021-2022
13,Brentford,38,13,7,18,48,56,-8,46,1.21,16918,Ivan Toney - 12,David Raya,,2021-2022
14,Aston Villa,38,13,6,19,52,54,-2,45,1.18,41681,Ollie Watkins - 11,Emiliano MartÃ,,2021-2022
15,Southampton,38,9,13,16,43,67,-24,40,1.05,30134,James Ward-Prowse - 10,Fraser Forster,,2021-2022
16,Everton,38,11,6,21,43,66,-23,39,1.03,38446,Richarlison - 10,Jordan Pickford,,2021-2022
17,Leeds United,38,9,11,18,42,79,-37,38,1,36308,Raphinha - 11,Illan Meslier,,2021-2022
18,Burnley,38,7,14,17,34,53,-19,35,0.92,19278,Maxwel Cornet - 9,Nick Pope,Relegated,2021-2022
19,Watford,38,6,5,27,34,77,-43,23,0.61,20614,Emmanuel Dennis - 10,Ben Foster,Relegated,2021-2022
20,Norwich City,38,5,7,26,23,84,-61,22,0.58,26836,Teemu Pukki - 11,Tim Krul,Relegated,2021-2022
1,Manchester City,38,28,5,5,94,33,61,89,2.34,53249,Erling Haaland - 36,Ederson,â†’ Champions League via league finish,2022-2023
2,Arsenal,38,26,6,6,88,43,45,84,2.21,60191,"Martin Ã˜degaard, Martinelli - 15",Aaron Ramsdale,â†’ Champions League via league finish,2022-2023
3,Manchester Utd,38,23,6,9,58,43,15,75,1.97,73671,Marcus Rashford - 17,David de Gea,â†’ Champions League via league finish,2022-2023
4,Newcastle Utd,38,19,14,5,68,33,35,71,1.87,52127,Callum Wilson - 18,Nick Pope,â†’ Champions League via league finish,2022-2023
5,Liverpool,38,19,10,9,75,47,28,67,1.76,53163,Mohamed Salah - 19,Alisson,â†’ Europa League via league finish,2022-2023
6,Brighton,38,18,8,12,72,53,19,62,1.63,31477,Alexis Mac Allister - 10,Robert SÃ¡nchez,â†’ Europa League via league finish,2022-2023
7,Aston Villa,38,18,7,13,51,46,5,61,1.61,39485,Ollie Watkins - 15,Emiliano MartÃ,â†’ Europa Conference League via league finish,2022-2023
8,Tottenham,38,18,6,14,70,63,7,60,1.58,61585,Harry Kane - 30,Hugo Lloris,,2022-2023
9,Brentford,38,15,14,9,58,46,12,59,1.55,17078,Ivan Toney - 20,David Raya,,2022-2023
10,Fulham,38,15,7,16,55,53,2,52,1.37,23746,Aleksandar MitroviÄ‡ - 14,Bernd Leno,,2022-2023
11,Crystal Palace,38,11,12,15,40,49,-9,45,1.18,24952,Eberechi Eze - 10,Vicente Guaita,,2022-2023
12,Chelsea,38,11,11,16,38,47,-9,44,1.16,40002,Kai Havertz - 7,Kepa Arrizabalaga,,2022-2023
13,Wolves,38,11,8,19,31,58,-27,41,1.08,31482,"RÃºben Neves, Daniel Podence - 6",JosÃ© SÃ¡,,2022-2023
14,West Ham,38,11,7,20,42,55,-13,40,1.05,62462,"SaÃ¯d Benrahma, Jarrod Bowen - 6",Å,,2022-2023
15,Bournemouth,38,11,6,21,37,71,-34,39,1.03,10362,Philip Billing - 7,Neto,,2022-2023
16,Nott'ham Forest,38,9,11,18,38,68,-30,38,1,29188,Taiwo Awoniyi - 10,Dean Henderson,,2022-2023
17,Everton,38,8,12,18,34,57,-23,36,0.95,39243,Dwight McNeil - 7,Jordan Pickford,,2022-2023
18,Leicester City,38,9,7,22,51,68,-17,34,0.89,31887,Harvey Barnes - 13,Danny Ward,Relegated,2022-2023
19,Leeds United,38,7,10,21,48,78,-30,31,0.82,36566,Rodrigo - 13,Illan Meslier,Relegated,2022-2023
20,Southampton,38,6,7,25,36,73,-37,25,0.66,30440,James Ward-Prowse - 9,Gavin Bazunu,Relegated,2022-2023